state,week,dose1,dose2
Andaman and Nicobar Islands,1,0,0
Andaman and Nicobar Islands,2,897,0
Andaman and Nicobar Islands,3,1140,0
Andaman and Nicobar Islands,4,720,0
Andaman and Nicobar Islands,5,260,0
Andaman and Nicobar Islands,6,3767,946
Andaman and Nicobar Islands,7,1322,1014
Andaman and Nicobar Islands,8,2259,250
Andaman and Nicobar Islands,9,3105,530
Andaman and Nicobar Islands,10,1856,871
Andaman and Nicobar Islands,11,1956,1469
Andaman and Nicobar Islands,12,2793,143
Andaman and Nicobar Islands,13,11865,347
Andaman and Nicobar Islands,14,37588,998
Andaman and Nicobar Islands,15,19345,2729
Andaman and Nicobar Islands,16,7206,1791
Andaman and Nicobar Islands,17,3695,2441
Andaman and Nicobar Islands,18,2419,1601
Andaman and Nicobar Islands,19,7584,26
Andaman and Nicobar Islands,20,4712,10
Andaman and Nicobar Islands,21,3654,57
Andaman and Nicobar Islands,22,18082,129
Andaman and Nicobar Islands,23,5911,154
Andaman and Nicobar Islands,24,22128,795
Andaman and Nicobar Islands,25,16001,8472
Andaman and Nicobar Islands,26,6766,31714
Andaman and Nicobar Islands,27,14577,20711
Andaman and Nicobar Islands,28,12045,9279
Andaman and Nicobar Islands,29,14701,5073
Andaman and Nicobar Islands,30,7602,2699
Andaman and Nicobar Islands,31,17688,3038
Andhra Pradesh,1,0,0
Andhra Pradesh,2,66598,0
Andhra Pradesh,3,63191,0
Andhra Pradesh,4,112367,0
Andhra Pradesh,5,67569,6233
Andhra Pradesh,6,127362,81237
Andhra Pradesh,7,122137,50342
Andhra Pradesh,8,117103,45307
Andhra Pradesh,9,196170,54243
Andhra Pradesh,10,445838,61917
Andhra Pradesh,11,667934,73728
Andhra Pradesh,12,604379,47066
Andhra Pradesh,13,714537,101863
Andhra Pradesh,14,741749,76034
Andhra Pradesh,15,584436,528629
Andhra Pradesh,16,631642,392788
Andhra Pradesh,17,269814,454871
Andhra Pradesh,18,77490,193005
Andhra Pradesh,19,87970,180783
Andhra Pradesh,20,1711190,133539
Andhra Pradesh,21,957902,90939
Andhra Pradesh,22,1031376,47528
Andhra Pradesh,23,598185,32276
Andhra Pradesh,24,2069992,254321
Andhra Pradesh,25,1251921,361815
Andhra Pradesh,26,299752,204683
Andhra Pradesh,27,1035127,644884
Andhra Pradesh,28,402582,537279
Andhra Pradesh,29,1186525,917332
Andhra Pradesh,30,1380322,567504
Andhra Pradesh,31,1039018,345116
Arunachal Pradesh,1,0,0
Arunachal Pradesh,2,2369,0
Arunachal Pradesh,3,4045,0
Arunachal Pradesh,4,2797,0
Arunachal Pradesh,5,3963,456
Arunachal Pradesh,6,7731,3764
Arunachal Pradesh,7,5885,2742
Arunachal Pradesh,8,11346,2690
Arunachal Pradesh,9,8860,2904
Arunachal Pradesh,10,10377,3944
Arunachal Pradesh,11,11366,3469
Arunachal Pradesh,12,11419,3264
Arunachal Pradesh,13,24487,6926
Arunachal Pradesh,14,33211,7263
Arunachal Pradesh,15,30314,9706
Arunachal Pradesh,16,29210,9099
Arunachal Pradesh,17,17988,14280
Arunachal Pradesh,18,11275,7987
Arunachal Pradesh,19,26396,191
Arunachal Pradesh,20,9402,198
Arunachal Pradesh,21,39730,330
Arunachal Pradesh,22,37188,429
Arunachal Pradesh,23,67193,593
Arunachal Pradesh,24,71678,1717
Arunachal Pradesh,25,64082,8122
Arunachal Pradesh,26,55752,22204
Arunachal Pradesh,27,37351,24789
Arunachal Pradesh,28,25971,22686
Arunachal Pradesh,29,22986,15395
Arunachal Pradesh,30,17915,8849
Arunachal Pradesh,31,12957,16353
Assam,1,0,0
Assam,2,3749,0
Assam,3,26512,0
Assam,4,47925,0
Assam,5,43552,2006
Assam,6,34978,8584
Assam,7,42047,17168
Assam,8,148225,24810
Assam,9,126257,31299
Assam,10,87796,24516
Assam,11,332813,33017
Assam,12,148115,36479
Assam,13,206079,76554
Assam,14,65986,40762
Assam,15,299124,122152
Assam,16,428430,140664
Assam,17,326023,103004
Assam,18,287087,74338
Assam,19,311468,46646
Assam,20,318203,49656
Assam,21,223562,20593
Assam,22,374849,69556
Assam,23,428210,138079
Assam,24,1391853,127319
Assam,25,643862,111854
Assam,26,263234,50524
Assam,27,671272,181569
Assam,28,720674,184910
Assam,29,755052,217665
Assam,30,1480218,220949
Assam,31,1242697,292703
Bihar,1,0,0
Bihar,2,36045,0
Bihar,3,67342,0
Bihar,4,224576,0
Bihar,5,121379,55
Bihar,6,70152,38347
Bihar,7,39961,39826
Bihar,8,84363,106740
Bihar,9,429267,107415
Bihar,10,379926,75699
Bihar,11,637591,40374
Bihar,12,672940,34399
Bihar,13,1190747,104666
Bihar,14,941743,145577
Bihar,15,585058,199000
Bihar,16,448482,237224
Bihar,17,375673,359313
Bihar,18,875670,211098
Bihar,19,612349,40111
Bihar,20,638997,43592
Bihar,21,652055,65897
Bihar,22,948946,67327
Bihar,23,1439227,131631
Bihar,24,2036374,137302
Bihar,25,1215113,220262
Bihar,26,1158201,278383
Bihar,27,1671900,436012
Bihar,28,1098865,293284
Bihar,29,1899663,487583
Bihar,30,2399114,508959
Bihar,31,2227472,459602
Chandigarh,1,0,0
Chandigarh,2,670,0
Chandigarh,3,1416,0
Chandigarh,4,1652,0
Chandigarh,5,2851,117
Chandigarh,6,3670,629
Chandigarh,7,6548,894
Chandigarh,8,10599,1513
Chandigarh,9,10773,2549
Chandigarh,10,9532,3134
Chandigarh,11,7357,2411
Chandigarh,12,19340,2062
Chandigarh,13,22216,4955
Chandigarh,14,20990,7256
Chandigarh,15,20260,11207
Chandigarh,16,25605,12890
Chandigarh,17,23846,13379
Chandigarh,18,23717,10676
Chandigarh,19,26558,950
Chandigarh,20,27027,232
Chandigarh,21,38028,244
Chandigarh,22,22874,633
Chandigarh,23,47250,1427
Chandigarh,24,44405,4400
Chandigarh,25,39330,13394
Chandigarh,26,33578,20091
Chandigarh,27,48697,22202
Chandigarh,28,38004,30968
Chandigarh,29,45069,26949
Chandigarh,30,64627,23069
Chandigarh,31,46970,26120
Chhattisgarh,1,0,0
Chhattisgarh,2,11171,0
Chhattisgarh,3,45261,0
Chhattisgarh,4,96069,0
Chhattisgarh,5,94792,862
Chhattisgarh,6,93402,20043
Chhattisgarh,7,35488,30850
Chhattisgarh,8,135465,68637
Chhattisgarh,9,188558,71254
Chhattisgarh,10,380761,77093
Chhattisgarh,11,347956,38205
Chhattisgarh,12,883947,36957
Chhattisgarh,13,1414409,68006
Chhattisgarh,14,682455,87068
Chhattisgarh,15,344583,109453
Chhattisgarh,16,154731,141441
Chhattisgarh,17,82699,139938
Chhattisgarh,18,100446,195163
Chhattisgarh,19,34036,11323
Chhattisgarh,20,34331,11337
Chhattisgarh,21,24376,28557
Chhattisgarh,22,17215,26417
Chhattisgarh,23,21824,28498
Chhattisgarh,24,1022494,204703
Chhattisgarh,25,955539,265779
Chhattisgarh,26,324582,183110
Chhattisgarh,27,397105,148307
Chhattisgarh,28,373348,167120
Chhattisgarh,29,370345,166038
Chhattisgarh,30,495282,242165
Chhattisgarh,31,260467,213065
Dadra and Nagar Haveli and Daman and Diu,1,0,0
Dadra and Nagar Haveli and Daman and Diu,2,355,0
Dadra and Nagar Haveli and Daman and Diu,3,572,0
Dadra and Nagar Haveli and Daman and Diu,4,1403,0
Dadra and Nagar Haveli and Daman and Diu,5,1805,71
Dadra and Nagar Haveli and Daman and Diu,6,2601,394
Dadra and Nagar Haveli and Daman and Diu,7,928,209
Dadra and Nagar Haveli and Daman and Diu,8,3942,1210
Dadra and Nagar Haveli and Daman and Diu,9,3086,1358
Dadra and Nagar Haveli and Daman and Diu,10,4011,1348
Dadra and Nagar Haveli and Daman and Diu,11,3713,680
Dadra and Nagar Haveli and Daman and Diu,12,12368,1248
Dadra and Nagar Haveli and Daman and Diu,13,24706,2260
Dadra and Nagar Haveli and Daman and Diu,14,12834,2401
Dadra and Nagar Haveli and Daman and Diu,15,4752,2206
Dadra and Nagar Haveli and Daman and Diu,16,3037,3182
Dadra and Nagar Haveli and Daman and Diu,17,2813,4205
Dadra and Nagar Haveli and Daman and Diu,18,9081,5099
Dadra and Nagar Haveli and Daman and Diu,19,28723,38
Dadra and Nagar Haveli and Daman and Diu,20,40317,49
Dadra and Nagar Haveli and Daman and Diu,21,36291,104
Dadra and Nagar Haveli and Daman and Diu,22,43328,283
Dadra and Nagar Haveli and Daman and Diu,23,41145,579
Dadra and Nagar Haveli and Daman and Diu,24,60008,4986
Dadra and Nagar Haveli and Daman and Diu,25,77257,15723
Dadra and Nagar Haveli and Daman and Diu,26,47581,12135
Dadra and Nagar Haveli and Daman and Diu,27,44556,6787
Dadra and Nagar Haveli and Daman and Diu,28,19373,4797
Dadra and Nagar Haveli and Daman and Diu,29,24891,3418
Dadra and Nagar Haveli and Daman and Diu,30,25170,4142
Dadra and Nagar Haveli and Daman and Diu,31,18093,11509
Delhi,1,0,0
Delhi,2,11420,0
Delhi,3,32446,0
Delhi,4,52734,0
Delhi,5,80682,1967
Delhi,6,112963,16306
Delhi,7,76562,20459
Delhi,8,59191,29532
Delhi,9,71391,52495
Delhi,10,80895,70747
Delhi,11,99515,51811
Delhi,12,532730,71643
Delhi,13,493931,75593
Delhi,14,415749,94245
Delhi,15,274836,114710
Delhi,16,216007,145011
Delhi,17,433026,150147
Delhi,18,425961,185393
Delhi,19,472965,104987
Delhi,20,213263,52037
Delhi,21,224451,81145
Delhi,22,278132,155638
Delhi,23,306524,137733
Delhi,24,686693,121819
Delhi,25,837050,206630
Delhi,26,347699,169735
Delhi,27,320221,135129
Delhi,28,155109,172376
Delhi,29,122167,280822
Delhi,30,377814,270569
Delhi,31,506741,329534
Goa,1,0,0
Goa,2,930,0
Goa,3,2493,0
Goa,4,3996,0
Goa,5,5817,309
Goa,6,3775,964
Goa,7,3748,1477
Goa,8,17024,4156
Goa,9,18901,4802
Goa,10,20455,2625
Goa,11,15441,2831
Goa,12,19857,4451
Goa,13,28866,9070
Goa,14,51493,14593
Goa,15,45666,16298
Goa,16,44461,11688
Goa,17,27329,9744
Goa,18,32909,11207
Goa,19,47020,453
Goa,20,37256,293
Goa,21,41010,1289
Goa,22,56267,1598
Goa,23,122640,3077
Goa,24,101915,6866
Goa,25,104524,20017
Goa,26,64429,38377
Goa,27,58469,42474
Goa,28,37450,36859
Goa,29,41482,26878
Goa,30,32680,22663
Goa,31,25430,34850
Gujarat,1,0,0
Gujarat,2,44147,0
Gujarat,3,166678,0
Gujarat,4,237260,0
Gujarat,5,310988,2
Gujarat,6,74549,58540
Gujarat,7,11018,109044
Gujarat,8,592876,163278
Gujarat,9,541300,183137
Gujarat,10,869323,100063
Gujarat,11,1506501,33746
Gujarat,12,1718472,141952
Gujarat,13,1933596,283697
Gujarat,14,938722,342208
Gujarat,15,574344,525097
Gujarat,16,596883,646257
Gujarat,17,584044,617574
Gujarat,18,562644,638157
Gujarat,19,364293,55584
Gujarat,20,1122629,192021
Gujarat,21,1281070,195889
Gujarat,22,1606954,260016
Gujarat,23,1594163,241646
Gujarat,24,2214681,539058
Gujarat,25,1322045,573446
Gujarat,26,719896,364369
Gujarat,27,1189438,524363
Gujarat,28,1390917,574960
Gujarat,29,1388115,574033
Gujarat,30,2119509,813396
Gujarat,31,2758409,872633
Haryana,1,0,0
Haryana,2,41550,0
Haryana,3,51793,0
Haryana,4,13834,0
Haryana,5,68718,590
Haryana,6,28807,18663
Haryana,7,13841,42413
Haryana,8,43546,12757
Haryana,9,106528,28150
Haryana,10,353390,25684
Haryana,11,368204,14043
Haryana,12,504758,18124
Haryana,13,494257,35052
Haryana,14,617594,121770
Haryana,15,325976,154159
Haryana,16,182616,94592
Haryana,17,363658,149404
Haryana,18,404677,201816
Haryana,19,434462,29461
Haryana,20,404594,42523
Haryana,21,389453,29997
Haryana,22,481040,44666
Haryana,23,494618,83130
Haryana,24,952217,151909
Haryana,25,672968,256587
Haryana,26,299067,188721
Haryana,27,415038,251858
Haryana,28,281337,192072
Haryana,29,531361,318346
Haryana,30,633916,336860
Haryana,31,539785,349022
Himachal Pradesh,1,0,0
Himachal Pradesh,2,5258,0
Himachal Pradesh,3,17391,0
Himachal Pradesh,4,26548,0
Himachal Pradesh,5,27408,449
Himachal Pradesh,6,21716,11382
Himachal Pradesh,7,6358,8662
Himachal Pradesh,8,19965,24530
Himachal Pradesh,9,45478,18159
Himachal Pradesh,10,86720,16137
Himachal Pradesh,11,96216,6943
Himachal Pradesh,12,172637,8207
Himachal Pradesh,13,316877,14656
Himachal Pradesh,14,306340,28920
Himachal Pradesh,15,213613,48268
Himachal Pradesh,16,207336,78505
Himachal Pradesh,17,139000,98532
Himachal Pradesh,18,93159,73015
Himachal Pradesh,19,116814,552
Himachal Pradesh,20,94894,381
Himachal Pradesh,21,92799,582
Himachal Pradesh,22,68394,1784
Himachal Pradesh,23,226888,4330
Himachal Pradesh,24,631364,31560
Himachal Pradesh,25,368035,135788
Himachal Pradesh,26,44938,250204
Himachal Pradesh,27,81829,181931
Himachal Pradesh,28,235879,127003
Himachal Pradesh,29,208385,106633
Himachal Pradesh,30,240951,87535
Himachal Pradesh,31,760570,152737
Jammu and Kashmir,1,0,0
Jammu and Kashmir,2,5244,0
Jammu and Kashmir,3,15692,0
Jammu and Kashmir,4,19648,0
Jammu and Kashmir,5,76768,722
Jammu and Kashmir,6,68420,5536
Jammu and Kashmir,7,36289,9429
Jammu and Kashmir,8,66458,9418
Jammu and Kashmir,9,73836,31110
Jammu and Kashmir,10,107215,54887
Jammu and Kashmir,11,113114,34887
Jammu and Kashmir,12,166749,23780
Jammu and Kashmir,13,358537,31203
Jammu and Kashmir,14,263001,39658
Jammu and Kashmir,15,332605,75128
Jammu and Kashmir,16,304779,74739
Jammu and Kashmir,17,240266,100981
Jammu and Kashmir,18,80231,51755
Jammu and Kashmir,19,108215,4427
Jammu and Kashmir,20,281817,5436
Jammu and Kashmir,21,197878,22221
Jammu and Kashmir,22,172753,17637
Jammu and Kashmir,23,282829,19319
Jammu and Kashmir,24,292095,37420
Jammu and Kashmir,25,369468,107633
Jammu and Kashmir,26,280445,74628
Jammu and Kashmir,27,219413,148004
Jammu and Kashmir,28,174117,164160
Jammu and Kashmir,29,219244,175570
Jammu and Kashmir,30,331631,146468
Jammu and Kashmir,31,311680,117916
Jharkhand,1,0,0
Jharkhand,2,3773,0
Jharkhand,3,27360,0
Jharkhand,4,55309,0
Jharkhand,5,109170,1978
Jharkhand,6,64412,9605
Jharkhand,7,30135,12174
Jharkhand,8,59648,37133
Jharkhand,9,101424,78358
Jharkhand,10,249983,69101
Jharkhand,11,649138,33757
Jharkhand,12,152413,19071
Jharkhand,13,469427,32623
Jharkhand,14,423342,49999
Jharkhand,15,157007,74550
Jharkhand,16,96703,73956
Jharkhand,17,66709,82413
Jharkhand,18,162802,93894
Jharkhand,19,323837,12200
Jharkhand,20,225626,23200
Jharkhand,21,307654,38800
Jharkhand,22,480880,46834
Jharkhand,23,549434,108269
Jharkhand,24,774200,117535
Jharkhand,25,411847,99645
Jharkhand,26,419764,170520
Jharkhand,27,426748,202489
Jharkhand,28,325369,124553
Jharkhand,29,656480,204476
Jharkhand,30,480952,147515
Jharkhand,31,540228,174393
Karnataka,1,0,0
Karnataka,2,81527,0
Karnataka,3,163946,0
Karnataka,4,75083,0
Karnataka,5,114149,15
Karnataka,6,146179,117066
Karnataka,7,64556,104609
Karnataka,8,67269,23113
Karnataka,9,316525,80997
Karnataka,10,1003866,70724
Karnataka,11,856080,46189
Karnataka,12,1116446,37064
Karnataka,13,1530544,85162
Karnataka,14,947057,178371
Karnataka,15,989996,410957
Karnataka,16,739375,444730
Karnataka,17,410075,421364
Karnataka,18,358538,481410
Karnataka,19,486180,119400
Karnataka,20,1217660,104379
Karnataka,21,1580584,141383
Karnataka,22,1678867,144767
Karnataka,23,1320335,208824
Karnataka,24,2883750,317149
Karnataka,25,1512669,504248
Karnataka,26,1252304,627216
Karnataka,27,1097069,595421
Karnataka,28,934464,642256
Karnataka,29,956340,626938
Karnataka,30,1632760,766505
Karnataka,31,1193412,541653
Kerala,1,0,0
Kerala,2,21004,0
Kerala,3,112281,0
Kerala,4,137506,0
Kerala,5,66436,0
Kerala,6,75987,38833
Kerala,7,82385,65387
Kerala,8,266903,82935
Kerala,9,286070,92468
Kerala,10,390816,70974
Kerala,11,467076,38955
Kerala,12,1516422,34253
Kerala,13,854454,70813
Kerala,14,887737,181061
Kerala,15,633473,365230
Kerala,16,290984,316503
Kerala,17,129939,409013
Kerala,18,275652,226940
Kerala,19,201186,28887
Kerala,20,547193,24252
Kerala,21,889705,112227
Kerala,22,890379,80716
Kerala,23,735816,188591
Kerala,24,835665,550951
Kerala,25,656728,624472
Kerala,26,381780,520910
Kerala,27,445090,538167
Kerala,28,887317,926404
Kerala,29,1234251,466643
Kerala,30,1305579,311750
Kerala,31,1864857,292218
Ladakh,1,0,0
Ladakh,2,321,0
Ladakh,3,629,0
Ladakh,4,858,0
Ladakh,5,1014,71
Ladakh,6,2952,529
Ladakh,7,3629,329
Ladakh,8,4975,1049
Ladakh,9,16350,926
Ladakh,10,7582,2367
Ladakh,11,1399,1382
Ladakh,12,12989,357
Ladakh,13,11811,1282
Ladakh,14,2639,2749
Ladakh,15,4601,14163
Ladakh,16,3270,9633
Ladakh,17,8048,2030
Ladakh,18,3613,764
Ladakh,19,8160,7
Ladakh,20,22031,20
Ladakh,21,23530,33
Ladakh,22,13321,69
Ladakh,23,8127,96
Ladakh,24,6862,9816
Ladakh,25,5132,11037
Ladakh,26,7582,2400
Ladakh,27,3585,1439
Ladakh,28,800,1102
Ladakh,29,1311,4375
Ladakh,30,1345,2313
Ladakh,31,1109,2866
Lakshadweep,1,0,0
Lakshadweep,2,718,0
Lakshadweep,3,73,0
Lakshadweep,4,26,0
Lakshadweep,5,742,0
Lakshadweep,6,114,81
Lakshadweep,7,135,26
Lakshadweep,8,115,32
Lakshadweep,9,1066,720
Lakshadweep,10,623,628
Lakshadweep,11,539,194
Lakshadweep,12,1411,140
Lakshadweep,13,4572,736
Lakshadweep,14,4011,427
Lakshadweep,15,3092,785
Lakshadweep,16,1917,505
Lakshadweep,17,1070,1179
Lakshadweep,18,1212,1353
Lakshadweep,19,1654,115
Lakshadweep,20,2086,23
Lakshadweep,21,6130,28
Lakshadweep,22,7684,105
Lakshadweep,23,5120,81
Lakshadweep,24,2127,325
Lakshadweep,25,831,1065
Lakshadweep,26,852,2122
Lakshadweep,27,1010,2340
Lakshadweep,28,692,1432
Lakshadweep,29,600,1529
Lakshadweep,30,613,890
Lakshadweep,31,827,1014
Madhya Pradesh,1,0,0
Madhya Pradesh,2,30395,0
Madhya Pradesh,3,246354,0
Madhya Pradesh,4,48050,0
Madhya Pradesh,5,215440,3
Madhya Pradesh,6,86083,3806
Madhya Pradesh,7,13079,155853
Madhya Pradesh,8,173345,72396
Madhya Pradesh,9,244653,102528
Madhya Pradesh,10,721547,121546
Madhya Pradesh,11,763694,40898
Madhya Pradesh,12,964061,38704
Madhya Pradesh,13,1359220,65850
Madhya Pradesh,14,1680423,158824
Madhya Pradesh,15,396085,195346
Madhya Pradesh,16,103829,151316
Madhya Pradesh,17,159610,328523
Madhya Pradesh,18,273541,258267
Madhya Pradesh,19,557314,62412
Madhya Pradesh,20,1071397,31114
Madhya Pradesh,21,1699316,48389
Madhya Pradesh,22,1192317,109117
Madhya Pradesh,23,1025364,112871
Madhya Pradesh,24,4500867,304681
Madhya Pradesh,25,1337997,455718
Madhya Pradesh,26,1346207,976357
Madhya Pradesh,27,1040003,225132
Madhya Pradesh,28,2118982,534334
Madhya Pradesh,29,3543076,620699
Madhya Pradesh,30,2381641,472778
Madhya Pradesh,31,2453364,451853
Maharashtra,1,0,0
Maharashtra,2,65827,0
Maharashtra,3,164398,0
Maharashtra,4,202536,0
Maharashtra,5,216572,170
Maharashtra,6,219186,45244
Maharashtra,7,160121,113244
Maharashtra,8,296899,100919
Maharashtra,9,681135,152228
Maharashtra,10,942257,177480
Maharashtra,11,1073250,128956
Maharashtra,12,2474201,74778
Maharashtra,13,2473839,160842
Maharashtra,14,1879952,335766
Maharashtra,15,1496842,613961
Maharashtra,16,1334057,752567
Maharashtra,17,992903,662868
Maharashtra,18,1106794,888842
Maharashtra,19,699703,181306
Maharashtra,20,1392421,133559
Maharashtra,21,1570512,250105
Maharashtra,22,1441586,401441
Maharashtra,23,1441397,309258
Maharashtra,24,2925691,503333
Maharashtra,25,2025706,870945
Maharashtra,26,1527907,887485
Maharashtra,27,1758260,1298785
Maharashtra,28,1017462,801039
Maharashtra,29,1811093,1348164
Maharashtra,30,1571135,755234
Maharashtra,31,1656504,866488
Manipur,1,0,0
Manipur,2,966,0
Manipur,3,1836,0
Manipur,4,4048,0
Manipur,5,13830,55
Manipur,6,17694,1299
Manipur,7,10789,899
Manipur,8,13567,2286
Manipur,9,7923,5503
Manipur,10,5794,9586
Manipur,11,5835,10125
Manipur,12,8100,4592
Manipur,13,6195,9618
Manipur,14,13541,6624
Manipur,15,23132,5755
Manipur,16,77859,5964
Manipur,17,61417,5193
Manipur,18,43778,2830
Manipur,19,36441,341
Manipur,20,37004,270
Manipur,21,40901,580
Manipur,22,44768,516
Manipur,23,27073,711
Manipur,24,37716,960
Manipur,25,113145,2642
Manipur,26,132645,8924
Manipur,27,146530,19403
Manipur,28,106194,53225
Manipur,29,79047,48176
Manipur,30,42898,33042
Manipur,31,23004,27890
Meghalaya,1,0,0
Meghalaya,2,856,0
Meghalaya,3,2361,0
Meghalaya,4,2515,0
Meghalaya,5,7320,91
Meghalaya,6,16994,1592
Meghalaya,7,10786,1923
Meghalaya,8,7128,1902
Meghalaya,9,10312,5466
Meghalaya,10,10290,10536
Meghalaya,11,10160,10000
Meghalaya,12,15574,4470
Meghalaya,13,30972,5365
Meghalaya,14,22690,5708
Meghalaya,15,32215,7907
Meghalaya,16,79818,8679
Meghalaya,17,37901,7371
Meghalaya,18,51381,6154
Meghalaya,19,33455,92
Meghalaya,20,29111,168
Meghalaya,21,12953,141
Meghalaya,22,25293,226
Meghalaya,23,87909,383
Meghalaya,24,72203,1434
Meghalaya,25,62869,6993
Meghalaya,26,62582,14007
Meghalaya,27,64914,22242
Meghalaya,28,58666,44507
Meghalaya,29,52216,34162
Meghalaya,30,44399,27889
Meghalaya,31,36387,31054
Mizoram,1,0,0
Mizoram,2,2032,0
Mizoram,3,6107,0
Mizoram,4,1493,0
Mizoram,5,709,75
Mizoram,6,4554,2159
Mizoram,7,7238,3398
Mizoram,8,12105,3543
Mizoram,9,11726,939
Mizoram,10,6739,2017
Mizoram,11,3005,1460
Mizoram,12,3708,1757
Mizoram,13,19105,6977
Mizoram,14,48730,10105
Mizoram,15,48936,8657
Mizoram,16,43379,4472
Mizoram,17,20839,2215
Mizoram,18,9276,3935
Mizoram,19,13613,16
Mizoram,20,11360,104
Mizoram,21,10065,128
Mizoram,22,19548,1104
Mizoram,23,85157,335
Mizoram,24,121109,587
Mizoram,25,43352,6433
Mizoram,26,42814,28389
Mizoram,27,25979,39446
Mizoram,28,17275,44035
Mizoram,29,12748,25407
Mizoram,30,14338,8063
Mizoram,31,7015,12739
Nagaland,1,0,0
Nagaland,2,1480,0
Nagaland,3,1955,0
Nagaland,4,563,0
Nagaland,5,4949,0
Nagaland,6,10964,3438
Nagaland,7,7607,1562
Nagaland,8,4492,549
Nagaland,9,6971,3567
Nagaland,10,7507,5901
Nagaland,11,8497,5999
Nagaland,12,10755,3248
Nagaland,13,15757,3643
Nagaland,14,33859,4381
Nagaland,15,28902,4520
Nagaland,16,22887,5243
Nagaland,17,12719,6099
Nagaland,18,10115,5388
Nagaland,19,13452,78
Nagaland,20,15452,75
Nagaland,21,19283,119
Nagaland,22,50682,299
Nagaland,23,61452,700
Nagaland,24,61978,1813
Nagaland,25,52805,9622
Nagaland,26,45765,23291
Nagaland,27,42855,25080
Nagaland,28,47226,22436
Nagaland,29,23702,13892
Nagaland,30,14154,7811
Nagaland,31,9624,10963
Odisha,1,0,0
Odisha,2,85878,0
Odisha,3,69377,0
Odisha,4,62072,0
Odisha,5,139802,3
Odisha,6,75790,70538
Odisha,7,21283,62750
Odisha,8,138775,31964
Odisha,9,221962,104007
Odisha,10,510834,53989
Odisha,11,430553,26073
Odisha,12,650770,52785
Odisha,13,1210986,88834
Odisha,14,662199,119490
Odisha,15,474815,190291
Odisha,16,219738,140252
Odisha,17,170693,200530
Odisha,18,230177,271268
Odisha,19,417517,35874
Odisha,20,579176,29373
Odisha,21,539813,34276
Odisha,22,582575,124846
Odisha,23,683947,176927
Odisha,24,1504601,216210
Odisha,25,479221,183594
Odisha,26,730829,510608
Odisha,27,464860,355093
Odisha,28,597236,536092
Odisha,29,796722,307479
Odisha,30,1143479,234799
Odisha,31,1282572,324652
Puducherry,1,0,0
Puducherry,2,721,0
Puducherry,3,1256,0
Puducherry,4,915,0
Puducherry,5,2259,68
Puducherry,6,4332,739
Puducherry,7,1066,398
Puducherry,8,4916,1011
Puducherry,9,8444,1400
Puducherry,10,14880,1801
Puducherry,11,17829,942
Puducherry,12,18143,1320
Puducherry,13,12935,1936
Puducherry,14,182223,58570
Puducherry,15,11770,6185
Puducherry,16,8532,9243
Puducherry,17,6300,10890
Puducherry,18,6402,10418
Puducherry,19,10720,405
Puducherry,20,18689,287
Puducherry,21,22439,518
Puducherry,22,37002,1191
Puducherry,23,82298,3087
Puducherry,24,62436,6926
Puducherry,25,37659,9195
Puducherry,26,25635,35009
Puducherry,27,37986,20767
Puducherry,28,27745,10740
Puducherry,29,26086,6912
Puducherry,30,24601,4988
Puducherry,31,19944,6756
Punjab,1,0,0
Punjab,2,16221,0
Punjab,3,29129,0
Punjab,4,18751,0
Punjab,5,27589,62
Punjab,6,28403,12229
Punjab,7,32491,20203
Punjab,8,59316,13338
Punjab,9,85969,18975
Punjab,10,151231,19958
Punjab,11,207963,16206
Punjab,12,380030,19685
Punjab,13,584632,32394
Punjab,14,709210,143741
Punjab,15,470970,101050
Punjab,16,405841,135508
Punjab,17,251366,142759
Punjab,18,215032,120393
Punjab,19,155717,20148
Punjab,20,163879,35310
Punjab,21,272281,31263
Punjab,22,290780,24039
Punjab,23,165350,33066
Punjab,24,611485,117069
Punjab,25,564016,216170
Punjab,26,334440,158426
Punjab,27,440082,208682
Punjab,28,234134,199921
Punjab,29,472618,212914
Punjab,30,674958,239647
Punjab,31,550390,315711
Rajasthan,1,0,0
Rajasthan,2,45792,0
Rajasthan,3,260055,0
Rajasthan,4,126859,0
Rajasthan,5,150788,0
Rajasthan,6,242093,36825
Rajasthan,7,16240,184117
Rajasthan,8,915155,98478
Rajasthan,9,648245,124376
Rajasthan,10,1127685,189443
Rajasthan,11,1112215,27122
Rajasthan,12,975226,143164
Rajasthan,13,2880719,312989
Rajasthan,14,881931,250727
Rajasthan,15,967612,543249
Rajasthan,16,537635,339558
Rajasthan,17,599922,403010
Rajasthan,18,716229,332660
Rajasthan,19,767046,41975
Rajasthan,20,750240,65050
Rajasthan,21,776273,126025
Rajasthan,22,1828541,116780
Rajasthan,23,1243860,55582
Rajasthan,24,2731202,407036
Rajasthan,25,1138425,540541
Rajasthan,26,342304,330302
Rajasthan,27,1161326,847280
Rajasthan,28,1095512,763765
Rajasthan,29,1062219,1218175
Rajasthan,30,1738717,747531
Rajasthan,31,1869416,739438
Sikkim,1,0,0
Sikkim,2,292,0
Sikkim,3,1408,0
Sikkim,4,3382,0
Sikkim,5,2953,0
Sikkim,6,4180,699
Sikkim,7,5425,766
Sikkim,8,7574,2791
Sikkim,9,13895,3329
Sikkim,10,12503,2529
Sikkim,11,8783,2809
Sikkim,12,23999,851
Sikkim,13,74171,2576
Sikkim,14,39431,5491
Sikkim,15,14185,11141
Sikkim,16,7785,11726
Sikkim,17,4565,10773
Sikkim,18,1904,5225
Sikkim,19,8466,43
Sikkim,20,4572,16
Sikkim,21,676,61
Sikkim,22,33883,85
Sikkim,23,85132,112
Sikkim,24,72812,1686
Sikkim,25,44863,23584
Sikkim,26,25728,33281
Sikkim,27,22258,17637
Sikkim,28,17658,8405
Sikkim,29,8707,3601
Sikkim,30,8797,2638
Sikkim,31,4509,7299
Tamil Nadu,1,0,0
Tamil Nadu,2,30862,0
Tamil Nadu,3,45807,0
Tamil Nadu,4,49447,0
Tamil Nadu,5,68822,667
Tamil Nadu,6,64179,13288
Tamil Nadu,7,28722,21371
Tamil Nadu,8,269803,29846
Tamil Nadu,9,530641,53967
Tamil Nadu,10,664353,63496
Tamil Nadu,11,642748,46826
Tamil Nadu,12,454488,52743
Tamil Nadu,13,452737,110669
Tamil Nadu,14,789479,214270
Tamil Nadu,15,313018,345853
Tamil Nadu,16,295175,407923
Tamil Nadu,17,224802,291633
Tamil Nadu,18,267383,260422
Tamil Nadu,19,251669,50630
Tamil Nadu,20,1367236,51170
Tamil Nadu,21,1142961,81141
Tamil Nadu,22,584013,50912
Tamil Nadu,23,1735059,115425
Tamil Nadu,24,2181657,213568
Tamil Nadu,25,1502143,243981
Tamil Nadu,26,542310,226213
Tamil Nadu,27,1460195,517402
Tamil Nadu,28,1319775,325693
Tamil Nadu,29,1591118,417321
Tamil Nadu,30,1672023,417941
Tamil Nadu,31,1240484,280844
Telangana,1,0,0
Telangana,2,25977,0
Telangana,3,68817,0
Telangana,4,40977,0
Telangana,5,73813,1929
Telangana,6,68884,77733
Telangana,7,13908,48002
Telangana,8,70657,31681
Telangana,9,101039,49368
Telangana,10,136218,11761
Telangana,11,185426,10709
Telangana,12,401078,19839
Telangana,13,577584,47562
Telangana,14,821537,70792
Telangana,15,918398,136500
Telangana,16,661271,125830
Telangana,17,231888,184711
Telangana,18,66653,249388
Telangana,19,13187,9671
Telangana,20,225603,171938
Telangana,21,603280,56939
Telangana,22,1213222,40586
Telangana,23,1196291,42555
Telangana,24,1165899,91356
Telangana,25,1089154,215383
Telangana,26,478232,285436
Telangana,27,450695,421780
Telangana,28,201798,541368
Telangana,29,195307,543035
Telangana,30,359738,410175
Telangana,31,511868,258336
Tripura,1,0,0
Tripura,2,3487,0
Tripura,3,17993,0
Tripura,4,10893,0
Tripura,5,29275,334
Tripura,6,19474,11080
Tripura,7,7214,9588
Tripura,8,18629,7932
Tripura,9,25927,18620
Tripura,10,116361,19131
Tripura,11,303750,8267
Tripura,12,85946,7297
Tripura,13,86640,12390
Tripura,14,45449,22711
Tripura,15,54582,77270
Tripura,16,87421,162825
Tripura,17,46042,111604
Tripura,18,32642,40996
Tripura,19,59022,334
Tripura,20,36338,580
Tripura,21,47736,471
Tripura,22,19783,4493
Tripura,23,236415,24532
Tripura,24,516489,36598
Tripura,25,104894,40919
Tripura,26,59108,32856
Tripura,27,82326,44761
Tripura,28,69473,49589
Tripura,29,150211,43390
Tripura,30,45271,14927
Tripura,31,28407,26677
Uttar Pradesh,1,0,0
Uttar Pradesh,2,29828,0
Uttar Pradesh,3,402396,0
Uttar Pradesh,4,205067,0
Uttar Pradesh,5,226272,2
Uttar Pradesh,6,274977,100269
Uttar Pradesh,7,144485,287282
Uttar Pradesh,8,204751,141662
Uttar Pradesh,9,544759,91896
Uttar Pradesh,10,1272671,274272
Uttar Pradesh,11,1081781,125298
Uttar Pradesh,12,1126449,58639
Uttar Pradesh,13,1745874,171815
Uttar Pradesh,14,1846548,371808
Uttar Pradesh,15,681859,387326
Uttar Pradesh,16,554202,372185
Uttar Pradesh,17,583917,410587
Uttar Pradesh,18,809295,480241
Uttar Pradesh,19,1183074,84511
Uttar Pradesh,20,1639151,105051
Uttar Pradesh,21,2084991,177414
Uttar Pradesh,22,2560112,167611
Uttar Pradesh,23,2404684,228355
Uttar Pradesh,24,4543682,298371
Uttar Pradesh,25,1646890,498300
Uttar Pradesh,26,3591625,977354
Uttar Pradesh,27,2461828,724122
Uttar Pradesh,28,3349507,687771
Uttar Pradesh,29,3306595,581057
Uttar Pradesh,30,4714272,601298
Uttar Pradesh,31,3049900,788694
Uttarakhand,1,0,0
Uttarakhand,2,3005,0
Uttarakhand,3,20684,0
Uttarakhand,4,46416,0
Uttarakhand,5,39628,403
Uttarakhand,6,35969,7886
Uttarakhand,7,9846,12215
Uttarakhand,8,42864,35259
Uttarakhand,9,66265,29832
Uttarakhand,10,119424,27835
Uttarakhand,11,122378,10289
Uttarakhand,12,225500,22621
Uttarakhand,13,380519,39425
Uttarakhand,14,219846,61996
Uttarakhand,15,194490,91549
Uttarakhand,16,155973,91535
Uttarakhand,17,94126,156907
Uttarakhand,18,196189,99421
Uttarakhand,19,127678,618
Uttarakhand,20,116421,2054
Uttarakhand,21,130434,3882
Uttarakhand,22,252104,7837
Uttarakhand,23,221307,37386
Uttarakhand,24,618164,35808
Uttarakhand,25,238405,95017
Uttarakhand,26,235014,127012
Uttarakhand,27,136605,175502
Uttarakhand,28,174450,150844
Uttarakhand,29,260427,119842
Uttarakhand,30,552522,138712
Uttarakhand,31,472556,147531
West Bengal,1,0,0
West Bengal,2,41427,0
West Bengal,3,170838,0
West Bengal,4,109807,0
West Bengal,5,156918,1084
West Bengal,6,145509,43442
West Bengal,7,333553,94321
West Bengal,8,346056,98781
West Bengal,9,692812,120269
West Bengal,10,1049236,123596
West Bengal,11,1101115,131092
West Bengal,12,1117185,97237
West Bengal,13,1712540,210728
West Bengal,14,612780,244081
West Bengal,15,659626,548644
West Bengal,16,485981,656799
West Bengal,17,138470,760535
West Bengal,18,140931,589347
West Bengal,19,319305,96990
West Bengal,20,1133017,49083
West Bengal,21,1683066,77019
West Bengal,22,1471746,97541
West Bengal,23,1120388,221649
West Bengal,24,1652214,463266
West Bengal,25,815188,732087
West Bengal,26,569656,907248
West Bengal,27,835366,1096734
West Bengal,28,946725,734887
West Bengal,29,1350077,486888
West Bengal,30,2121735,388892
West Bengal,31,1856470,318877
